{
  "affirm": {
    "precision": 0.0,
    "recall": 0.0,
    "f1-score": 0.0,
    "support": 1
  },
  "utter_happy": {
    "precision": 0.0,
    "recall": 0.0,
    "f1-score": 0.0,
    "support": 3
  },
  "utter_cheer_up": {
    "precision": 0.0,
    "recall": 0.0,
    "f1-score": 0.0,
    "support": 3
  },
  "None": {
    "precision": 0.0,
    "recall": 0.0,
    "f1-score": 0.0,
    "support": 1
  },
  "utter_iamabot": {
    "precision": 1.0,
    "recall": 1.0,
    "f1-score": 1.0,
    "support": 1
  },
  "action_listen": {
    "precision": 0.8421052631578947,
    "recall": 1.0,
    "f1-score": 0.9142857142857143,
    "support": 16
  },
  "deny": {
    "precision": 0.0,
    "recall": 0.0,
    "f1-score": 0.0,
    "support": 2
  },
  "greet": {
    "precision": 0.5555555555555556,
    "recall": 1.0,
    "f1-score": 0.7142857142857143,
    "support": 5
  },
  "utter_goodbye": {
    "precision": 1.0,
    "recall": 0.5,
    "f1-score": 0.6666666666666666,
    "support": 4
  },
  "bot_challenge": {
    "precision": 0.5,
    "recall": 1.0,
    "f1-score": 0.6666666666666666,
    "support": 1
  },
  "utter_did_that_help": {
    "precision": 0.0,
    "recall": 0.0,
    "f1-score": 0.0,
    "support": 3
  },
  "mood_great": {
    "precision": 0.0,
    "recall": 0.0,
    "f1-score": 0.0,
    "support": 2
  },
  "utter_greet": {
    "precision": 1.0,
    "recall": 1.0,
    "f1-score": 1.0,
    "support": 5
  },
  "mood_unhappy": {
    "precision": 0.0,
    "recall": 0.0,
    "f1-score": 0.0,
    "support": 3
  },
  "goodbye": {
    "precision": 0.5,
    "recall": 1.0,
    "f1-score": 0.6666666666666666,
    "support": 2
  },
  "micro avg": {
    "precision": 0.7619047619047619,
    "recall": 0.6153846153846154,
    "f1-score": 0.6808510638297872,
    "support": 52
  },
  "macro avg": {
    "precision": 0.3598440545808967,
    "recall": 0.43333333333333335,
    "f1-score": 0.37523809523809526,
    "support": 52
  },
  "weighted avg": {
    "precision": 0.5336819613135403,
    "recall": 0.6153846153846154,
    "f1-score": 0.5551282051282052,
    "support": 52
  },
  "conversation_accuracy": {
    "accuracy": 0.2857142857142857,
    "correct": 2,
    "total": 7
  }
}